roll_number,email_id,password
150050001,abc@dot.com,fhksjdhf
150050002,abc@dot.com,fhksjdhf
150050003,abc@dot.com,fhksjdhf
150050004,abc@dot.com,fhksjdhf
150050005,abc@dot.com,fhksjdhf
150050006,abc@dot.com,fhksjdhf
150050007,abc@dot.com,fhksjdhf
150050008,abc@dot.com,fhksjdhf
150050009,abc@dot.com,fhksjdhf
150050010,abc@dot.com,fhksjdhf
150050011,abc@dot.com,fhksjdhf
150050012,abc@dot.com,fhksjdhf
150050013,abc@dot.com,fhksjdhf
150050014,abc@dot.com,fhksjdhf
150050015,abc@dot.com,fhksjdhf
150050016,abc@dot.com,fhksjdhf
150050017,abc@dot.com,fhksjdhf
150050018,abc@dot.com,fhksjdhf
150050019,abc@dot.com,fhksjdhf
150050020,abc@dot.com,fhksjdhf
150050021,abc@dot.com,fhksjdhf
150050022,abc@dot.com,fhksjdhf
150050023,abc@dot.com,fhksjdhf
150050024,abc@dot.com,fhksjdhf
150050025,abc@dot.com,fhksjdhf
150050026,abc@dot.com,fhksjdhf
150050027,abc@dot.com,fhksjdhf
150050028,abc@dot.com,fhksjdhf
150050029,abc@dot.com,fhksjdhf
150050030,abc@dot.com,fhksjdhf
150050031,abc@dot.com,fhksjdhf
150050032,abc@dot.com,fhksjdhf
150050033,abc@dot.com,fhksjdhf
150050034,abc@dot.com,fhksjdhf
150050035,abc@dot.com,fhksjdhf
150050036,abc@dot.com,fhksjdhf
150050037,abc@dot.com,fhksjdhf
150050038,abc@dot.com,fhksjdhf
150050039,abc@dot.com,fhksjdhf
150050040,abc@dot.com,fhksjdhf
150050041,abc@dot.com,fhksjdhf
150050042,abc@dot.com,fhksjdhf
150050043,abc@dot.com,fhksjdhf
150050044,abc@dot.com,fhksjdhf
150050045,abc@dot.com,fhksjdhf
150050046,abc@dot.com,fhksjdhf
150050047,abc@dot.com,fhksjdhf
150050048,abc@dot.com,fhksjdhf
150050049,abc@dot.com,fhksjdhf
150050050,abc@dot.com,fhksjdhf
150050051,abc@dot.com,fhksjdhf
150050052,abc@dot.com,fhksjdhf
150050053,abc@dot.com,fhksjdhf
150050054,abc@dot.com,fhksjdhf
150050055,abc@dot.com,fhksjdhf
150050056,abc@dot.com,fhksjdhf
150050057,abc@dot.com,fhksjdhf
150050058,abc@dot.com,fhksjdhf
150050059,abc@dot.com,fhksjdhf
150050060,abc@dot.com,fhksjdhf
150050061,abc@dot.com,fhksjdhf
150050062,abc@dot.com,fhksjdhf
150050063,abc@dot.com,fhksjdhf
150050064,abc@dot.com,fhksjdhf
150050065,abc@dot.com,fhksjdhf
150050066,abc@dot.com,fhksjdhf
150050067,abc@dot.com,fhksjdhf
150050068,abc@dot.com,fhksjdhf
150050069,abc@dot.com,fhksjdhf
150050070,abc@dot.com,fhksjdhf
150050071,abc@dot.com,fhksjdhf
150050072,abc@dot.com,fhksjdhf
150050073,abc@dot.com,fhksjdhf
150050074,abc@dot.com,fhksjdhf
150050075,abc@dot.com,fhksjdhf
150050076,abc@dot.com,fhksjdhf
150050077,abc@dot.com,fhksjdhf
150050078,abc@dot.com,fhksjdhf
150050079,abc@dot.com,fhksjdhf
150050080,abc@dot.com,fhksjdhf
150050081,abc@dot.com,fhksjdhf
150050082,abc@dot.com,fhksjdhf
150050083,abc@dot.com,fhksjdhf
150050084,abc@dot.com,fhksjdhf
150050085,abc@dot.com,fhksjdhf
150050086,abc@dot.com,fhksjdhf
150050087,abc@dot.com,fhksjdhf
150050088,abc@dot.com,fhksjdhf
150050089,abc@dot.com,fhksjdhf
150050090,abc@dot.com,fhksjdhf
150050091,abc@dot.com,fhksjdhf
150050092,abc@dot.com,fhksjdhf
150050093,abc@dot.com,fhksjdhf
150050094,abc@dot.com,fhksjdhf
150050095,abc@dot.com,fhksjdhf
150050096,abc@dot.com,fhksjdhf
150050097,abc@dot.com,fhksjdhf
150050098,abc@dot.com,fhksjdhf
150050099,abc@dot.com,fhksjdhf
150050100,abc@dot.com,fhksjdhf
150050101,abc@dot.com,fhksjdhf
150050102,abc@dot.com,fhksjdhf
150050103,abc@dot.com,fhksjdhf
150050104,abc@dot.com,fhksjdhf
150050105,abc@dot.com,fhksjdhf
150050106,abc@dot.com,fhksjdhf
150050107,abc@dot.com,fhksjdhf
150050108,abc@dot.com,fhksjdhf
150050109,abc@dot.com,fhksjdhf
150050110,abc@dot.com,fhksjdhf
150050111,abc@dot.com,fhksjdhf
150050112,abc@dot.com,fhksjdhf
150050113,abc@dot.com,fhksjdhf
150050114,abc@dot.com,fhksjdhf
150050115,abc@dot.com,fhksjdhf
150050116,abc@dot.com,fhksjdhf
150050117,abc@dot.com,fhksjdhf
150050118,abc@dot.com,fhksjdhf
150050119,abc@dot.com,fhksjdhf
150050120,abc@dot.com,fhksjdhf
150050121,abc@dot.com,fhksjdhf
150050122,abc@dot.com,fhksjdhf
150050123,abc@dot.com,fhksjdhf
150050124,abc@dot.com,fhksjdhf
150050125,abc@dot.com,fhksjdhf
150050126,abc@dot.com,fhksjdhf
150050127,abc@dot.com,fhksjdhf
150050128,abc@dot.com,fhksjdhf
150050129,abc@dot.com,fhksjdhf
150050130,abc@dot.com,fhksjdhf
150050131,abc@dot.com,fhksjdhf
150050132,abc@dot.com,fhksjdhf
150050133,abc@dot.com,fhksjdhf
150050134,abc@dot.com,fhksjdhf
150050135,abc@dot.com,fhksjdhf
150050136,abc@dot.com,fhksjdhf
